OrderID,Date,Region,Product,Category,Quantity,UnitPrice,TotalSale
ORD0001,2023-09-05,North,Webcam,Electronics,3,223.75,671.25
ORD0002,2023-10-06,South,Headphones,Electronics,4,482.54,1930.16
ORD0003,2023-09-13,North,Laptop,Electronics,1,457.41,457.41
ORD0004,2024-05-13,West,Mouse,Electronics,3,138.11,414.33
ORD0005,2023-09-22,North,Monitor,Electronics,3,81.21,243.63
ORD0006,2024-08-28,West,Laptop,Electronics,4,95.35,381.4
ORD0007,2024-03-07,West,Monitor,Electronics,1,58.2,58.2
ORD0008,2023-12-05,East,Mouse,Electronics,1,92.5,92.5
ORD0009,2024-12-04,Central,Monitor,Electronics,3,357.35,1072.05
ORD0010,2023-03-08,West,Headphones,Electronics,2,82.03,164.06
ORD0011,2023-12-06,East,Headphones,Electronics,3,193.54,580.62
ORD0012,2023-01-16,Central,Webcam,Electronics,3,430.19,1290.57
ORD0013,2023-10-29,West,Webcam,Electronics,3,60.47,181.41
ORD0014,2024-10-24,West,Monitor,Electronics,3,416.51,1249.53
ORD0015,2023-09-10,North,Laptop,Electronics,4,176.83,707.32
ORD0016,2024-12-05,North,Headphones,Electronics,1,103.17,103.17
ORD0017,2024-08-12,Central,Laptop,Electronics,4,363.53,1454.12
ORD0018,2024-01-04,West,Laptop,Electronics,4,333.02,1332.08
ORD0019,2024-12-11,South,Monitor,Electronics,4,444.86,1779.44
ORD0020,2024-07-03,North,Laptop,Electronics,3,380.78,1142.34
ORD0021,2023-01-30,Central,Headphones,Electronics,2,411.57,823.14
ORD0022,2023-04-14,West,Mouse,Electronics,1,176.92,176.92
ORD0023,2023-11-17,West,Webcam,Electronics,2,129.85,259.7
ORD0024,2024-04-12,South,Mouse,Electronics,4,387.78,1551.12
ORD0025,2024-08-14,Central,Laptop,Electronics,4,413.08,1652.32
ORD0026,2023-10-21,West,Mouse,Electronics,2,495.73,991.46
ORD0027,2023-08-18,North,Headphones,Electronics,2,235.68,471.36
ORD0028,2023-10-07,South,Headphones,Electronics,2,217.41,434.82
ORD0029,2024-02-24,Central,Laptop,Electronics,4,399.39,1597.56
ORD0030,2023-07-01,South,Monitor,Electronics,4,203.36,813.44
ORD0031,2024-12-08,North,Mouse,Electronics,1,468.84,468.84
ORD0032,2023-12-07,Central,Monitor,Electronics,1,436.29,436.29
ORD0033,2024-11-02,South,Monitor,Electronics,4,243.05,972.2
ORD0034,2024-03-19,East,Keyboard,Electronics,2,387.89,775.78
ORD0035,2024-02-19,North,Laptop,Electronics,2,389.54,779.08
ORD0036,2023-01-06,North,Webcam,Electronics,1,96.41,96.41
ORD0037,2023-02-27,North,Headphones,Electronics,4,456.15,1824.6
ORD0038,2024-06-12,East,Headphones,Electronics,1,277.36,277.36
ORD0039,2024-06-29,East,Laptop,Electronics,1,421.91,421.91
ORD0040,2023-07-16,West,Webcam,Electronics,3,194.02,582.06
ORD0041,2024-12-15,South,Headphones,Electronics,3,452.99,1358.97
ORD0042,2023-09-04,West,Laptop,Electronics,3,225.14,675.42
ORD0043,2024-10-12,South,Headphones,Electronics,2,54.88,109.76
ORD0044,2024-01-02,East,Monitor,Electronics,4,457.42,1829.68
ORD0045,2023-09-29,East,Mouse,Electronics,4,91.08,364.32
ORD0046,2024-02-03,West,Mouse,Electronics,4,193.69,774.76
ORD0047,2023-09-11,Central,Headphones,Electronics,4,477.53,1910.12
ORD0048,2023-10-18,West,Keyboard,Electronics,3,477.77,1433.31
ORD0049,2024-01-12,South,Webcam,Electronics,2,308.05,616.1
ORD0050,2024-11-17,West,Webcam,Electronics,2,334.33,668.66
ORD0051,2023-07-28,North,Webcam,Electronics,3,251.8,755.4
ORD0052,2024-10-05,South,Monitor,Electronics,2,181.94,363.88
ORD0053,2024-01-09,South,Webcam,Electronics,3,197.9,593.7
ORD0054,2024-03-02,Central,Mouse,Electronics,4,352.63,1410.52
ORD0055,2023-04-07,East,Monitor,Electronics,3,388.57,1165.71
ORD0056,2023-05-17,South,Laptop,Electronics,4,406.21,1624.84
ORD0057,2023-08-23,East,Webcam,Electronics,4,405.33,1621.32
ORD0058,2023-10-10,West,Webcam,Electronics,1,91.04,91.04
ORD0059,2024-02-17,North,Laptop,Electronics,3,272.49,817.47
ORD0060,2023-05-19,Central,Webcam,Electronics,1,75.9,75.9
ORD0061,2023-03-02,East,Laptop,Electronics,3,297.29,891.87
ORD0062,2024-01-24,South,Monitor,Electronics,3,248.69,746.07
ORD0063,2024-10-23,East,Mouse,Electronics,1,449.47,449.47
ORD0064,2024-10-13,South,Laptop,Electronics,1,207.91,207.91
ORD0065,2023-04-11,East,Keyboard,Electronics,3,102.68,308.04
ORD0066,2024-06-28,South,Laptop,Electronics,2,114.35,228.7
ORD0067,2024-08-22,West,Webcam,Electronics,4,392.68,1570.72
ORD0068,2023-12-17,South,Monitor,Electronics,1,328.2,328.2
ORD0069,2023-05-26,South,Headphones,Electronics,4,95.51,382.04
ORD0070,2024-07-13,North,Monitor,Electronics,2,87.85,175.7
ORD0071,2023-02-26,South,Headphones,Electronics,2,365.44,730.88
ORD0072,2023-08-07,North,Laptop,Electronics,2,82.74,165.48
ORD0073,2024-09-09,Central,Mouse,Electronics,1,419.84,419.84
ORD0074,2023-02-01,North,Keyboard,Electronics,2,367.81,735.62
ORD0075,2024-02-25,West,Monitor,Electronics,1,86.61,86.61
ORD0076,2024-05-24,North,Webcam,Electronics,2,88.18,176.36
ORD0077,2024-09-02,Central,Headphones,Electronics,4,493.99,1975.96
ORD0078,2024-02-15,West,Webcam,Electronics,4,218.42,873.68
ORD0079,2023-06-29,East,Mouse,Electronics,3,216.79,650.37
ORD0080,2023-08-27,East,Headphones,Electronics,4,415.76,1663.04
ORD0081,2023-03-22,North,Monitor,Electronics,3,476.26,1428.78
ORD0082,2024-09-24,North,Laptop,Electronics,4,493.7,1974.8
ORD0083,2024-08-13,Central,Webcam,Electronics,1,389.02,389.02
ORD0084,2024-07-09,Central,Mouse,Electronics,4,219.32,877.28
ORD0085,2023-12-09,South,Monitor,Electronics,3,87.58,262.74
ORD0086,2024-12-17,Central,Monitor,Electronics,3,399.72,1199.16
ORD0087,2024-07-05,South,Monitor,Electronics,2,301.28,602.56
ORD0088,2023-11-15,West,Monitor,Electronics,1,240.9,240.9
ORD0089,2023-10-31,North,Headphones,Electronics,4,457.86,1831.44
ORD0090,2024-06-17,West,Monitor,Electronics,2,100.04,200.08
ORD0091,2024-01-03,Central,Webcam,Electronics,4,271.68,1086.72
ORD0092,2023-05-20,West,Mouse,Electronics,4,55.11,220.44
ORD0093,2023-05-15,West,Headphones,Electronics,2,260.9,521.8
ORD0094,2023-05-14,West,Monitor,Electronics,2,75.34,150.68
ORD0095,2023-07-24,Central,Keyboard,Electronics,2,103.47,206.94
ORD0096,2023-06-04,West,Keyboard,Electronics,2,102.89,205.78
ORD0097,2024-01-19,South,Mouse,Electronics,2,342.14,684.28
ORD0098,2024-04-20,Central,Laptop,Electronics,4,385.72,1542.88
ORD0099,2023-05-08,West,Laptop,Electronics,2,312.52,625.04
ORD0100,2023-10-19,Central,Headphones,Electronics,1,482.98,482.98
ORD0101,2023-04-01,East,Headphones,Electronics,3,218.69,656.07
ORD0102,2023-04-22,South,Headphones,Electronics,2,178.57,357.14
ORD0103,2024-02-12,West,Laptop,Electronics,2,440.87,881.74
ORD0104,2023-06-16,East,Keyboard,Electronics,4,150.62,602.48
ORD0105,2024-01-31,East,Laptop,Electronics,2,483.45,966.9
ORD0106,2024-03-17,Central,Webcam,Electronics,2,55.47,110.94
ORD0107,2024-04-10,East,Monitor,Electronics,2,486.45,972.9
ORD0108,2023-10-13,South,Headphones,Electronics,4,69.42,277.68
ORD0109,2024-08-05,South,Keyboard,Electronics,2,451.01,902.02
ORD0110,2024-05-14,North,Mouse,Electronics,3,287.47,862.41
ORD0111,2024-09-22,South,Mouse,Electronics,4,496.83,1987.32
ORD0112,2023-07-08,East,Monitor,Electronics,3,83.21,249.63
ORD0113,2023-09-01,South,Keyboard,Electronics,4,299.23,1196.92
ORD0114,2024-05-25,Central,Laptop,Electronics,2,486.19,972.38
ORD0115,2023-09-26,North,Laptop,Electronics,3,285.39,856.17
ORD0116,2024-10-09,East,Webcam,Electronics,4,333.23,1332.92
ORD0117,2024-09-17,North,Webcam,Electronics,1,363.09,363.09
ORD0118,2024-08-09,East,Laptop,Electronics,2,254.54,509.08
ORD0119,2024-12-18,Central,Mouse,Electronics,4,332.4,1329.6
ORD0120,2023-09-20,North,Headphones,Electronics,1,312.94,312.94
ORD0121,2023-02-14,West,Mouse,Electronics,4,455.52,1822.08
ORD0122,2024-05-27,East,Webcam,Electronics,1,70.45,70.45
ORD0123,2024-09-03,West,Monitor,Electronics,2,176.43,352.86
ORD0124,2024-09-29,North,Laptop,Electronics,3,477.69,1433.07
ORD0125,2023-08-03,West,Webcam,Electronics,1,450.62,450.62
ORD0126,2023-05-18,West,Webcam,Electronics,4,255.05,1020.2
ORD0127,2023-11-26,North,Headphones,Electronics,2,329.06,658.12
ORD0128,2023-06-07,Central,Laptop,Electronics,1,174.82,174.82
ORD0129,2023-12-12,West,Headphones,Electronics,4,134.65,538.6
ORD0130,2023-09-17,West,Laptop,Electronics,4,258.66,1034.64
ORD0131,2023-02-11,Central,Headphones,Electronics,4,209.01,836.04
ORD0132,2023-02-25,West,Mouse,Electronics,1,312.65,312.65
ORD0133,2023-03-12,West,Monitor,Electronics,1,84.98,84.98
ORD0134,2023-10-08,West,Monitor,Electronics,1,488.48,488.48
ORD0135,2023-11-27,South,Laptop,Electronics,3,493.79,1481.37
ORD0136,2023-07-19,Central,Keyboard,Electronics,1,364.17,364.17
ORD0137,2023-04-05,West,Webcam,Electronics,1,291.24,291.24
ORD0138,2024-11-12,Central,Webcam,Electronics,1,189.29,189.29
ORD0139,2023-04-04,East,Laptop,Electronics,3,416.21,1248.63
ORD0140,2024-02-02,East,Headphones,Electronics,1,358.13,358.13
ORD0141,2023-09-06,West,Keyboard,Electronics,4,123.18,492.72
ORD0142,2024-08-18,Central,Mouse,Electronics,1,459.92,459.92
ORD0143,2023-10-02,Central,Headphones,Electronics,4,420.14,1680.56
ORD0144,2024-10-06,Central,Headphones,Electronics,4,477.41,1909.64
ORD0145,2024-04-27,South,Laptop,Electronics,4,376.57,1506.28
ORD0146,2023-05-24,East,Laptop,Electronics,3,326.04,978.12
ORD0147,2023-12-03,Central,Webcam,Electronics,3,238.21,714.63
ORD0148,2023-07-20,Central,Laptop,Electronics,3,469.73,1409.19
ORD0149,2024-07-02,South,Laptop,Electronics,1,439.73,439.73
ORD0150,2023-02-21,South,Laptop,Electronics,4,70.35,281.4
ORD0151,2024-12-03,Central,Webcam,Electronics,3,61.87,185.61
ORD0152,2024-06-26,North,Mouse,Electronics,3,219.41,658.23
ORD0153,2023-03-19,Central,Mouse,Electronics,1,414.75,414.75
ORD0154,2023-02-03,Central,Laptop,Electronics,3,494.27,1482.81
ORD0155,2024-09-16,South,Webcam,Electronics,1,117.69,117.69
ORD0156,2024-09-05,South,Mouse,Electronics,2,317.36,634.72
ORD0157,2024-10-15,Central,Headphones,Electronics,3,221.4,664.2
ORD0158,2024-06-16,Central,Mouse,Electronics,2,486.46,972.92
ORD0159,2024-06-30,Central,Mouse,Electronics,1,428.95,428.95
ORD0160,2023-02-20,South,Webcam,Electronics,4,427.25,1709.0
ORD0161,2023-02-05,Central,Headphones,Electronics,3,260.91,782.73
ORD0162,2024-03-10,Central,Webcam,Electronics,1,236.67,236.67
ORD0163,2023-09-12,West,Laptop,Electronics,4,173.03,692.12
ORD0164,2024-11-18,North,Monitor,Electronics,4,75.37,301.48
ORD0165,2024-01-14,East,Mouse,Electronics,2,439.13,878.26
ORD0166,2024-12-24,North,Monitor,Electronics,1,415.81,415.81
ORD0167,2024-05-28,West,Webcam,Electronics,4,499.87,1999.48
ORD0168,2023-11-11,East,Webcam,Electronics,3,498.49,1495.47
ORD0169,2023-10-04,Central,Webcam,Electronics,3,299.94,899.82
ORD0170,2024-06-09,West,Monitor,Electronics,2,396.04,792.08
ORD0171,2024-04-19,Central,Webcam,Electronics,4,475.14,1900.56
ORD0172,2024-08-21,South,Laptop,Electronics,1,432.34,432.34
ORD0173,2024-05-29,West,Webcam,Electronics,3,161.31,483.93
ORD0174,2023-03-11,South,Keyboard,Electronics,4,252.74,1010.96
ORD0175,2024-04-14,West,Monitor,Electronics,4,108.12,432.48
ORD0176,2023-02-12,West,Keyboard,Electronics,2,479.32,958.64
ORD0177,2023-01-15,South,Webcam,Electronics,3,322.78,968.34
ORD0178,2024-02-27,East,Laptop,Electronics,3,152.89,458.67
ORD0179,2024-05-12,North,Mouse,Electronics,1,352.27,352.27
ORD0180,2023-07-06,Central,Headphones,Electronics,3,328.16,984.48
ORD0181,2024-08-30,West,Headphones,Electronics,1,211.17,211.17
ORD0182,2023-10-17,Central,Webcam,Electronics,3,101.1,303.3
ORD0183,2024-06-25,South,Laptop,Electronics,2,352.21,704.42
ORD0184,2024-05-08,Central,Monitor,Electronics,3,284.14,852.42
ORD0185,2024-03-21,South,Keyboard,Electronics,1,397.54,397.54
ORD0186,2023-11-04,Central,Keyboard,Electronics,1,284.07,284.07
ORD0187,2023-09-09,North,Keyboard,Electronics,2,433.48,866.96
ORD0188,2024-06-13,North,Monitor,Electronics,3,298.36,895.08
ORD0189,2024-06-27,North,Headphones,Electronics,3,302.42,907.26
ORD0190,2023-03-26,North,Laptop,Electronics,2,444.49,888.98
ORD0191,2024-03-20,North,Monitor,Electronics,3,231.57,694.71
ORD0192,2024-04-17,North,Keyboard,Electronics,3,110.31,330.93
ORD0193,2024-05-01,South,Webcam,Electronics,1,62.95,62.95
ORD0194,2024-01-08,West,Mouse,Electronics,3,389.81,1169.43
ORD0195,2023-03-15,Central,Monitor,Electronics,3,329.14,987.42
ORD0196,2023-04-20,North,Monitor,Electronics,2,366.84,733.68
ORD0197,2024-08-04,South,Laptop,Electronics,2,145.83,291.66
ORD0198,2024-06-06,South,Laptop,Electronics,4,111.37,445.48
ORD0199,2024-12-23,South,Monitor,Electronics,1,56.55,56.55
ORD0200,2023-06-21,West,Keyboard,Electronics,3,207.76,623.28
ORD0201,2024-03-18,Central,Mouse,Electronics,3,315.46,946.38
ORD0202,2023-02-18,West,Laptop,Electronics,4,226.51,906.04
ORD0203,2024-04-23,East,Keyboard,Electronics,3,246.86,740.58
ORD0204,2023-11-23,South,Webcam,Electronics,1,456.87,456.87
ORD0205,2024-07-06,East,Laptop,Electronics,4,206.71,826.84
ORD0206,2024-02-07,North,Keyboard,Electronics,1,281.3,281.3
ORD0207,2023-05-29,North,Keyboard,Electronics,4,402.64,1610.56
ORD0208,2023-07-31,West,Mouse,Electronics,4,228.44,913.76
ORD0209,2024-06-01,Central,Mouse,Electronics,2,329.94,659.88
ORD0210,2024-12-27,East,Webcam,Electronics,1,438.06,438.06
ORD0211,2023-03-06,Central,Keyboard,Electronics,3,477.28,1431.84
ORD0212,2024-04-29,West,Headphones,Electronics,3,116.18,348.54
ORD0213,2024-03-04,North,Keyboard,Electronics,1,466.96,466.96
ORD0214,2024-07-01,Central,Mouse,Electronics,3,271.45,814.35
ORD0215,2024-12-25,Central,Headphones,Electronics,3,166.21,498.63
ORD0216,2024-12-26,North,Laptop,Electronics,1,256.61,256.61
ORD0217,2024-07-07,East,Laptop,Electronics,4,491.01,1964.04
ORD0218,2024-07-29,North,Monitor,Electronics,1,271.68,271.68
ORD0219,2023-04-19,Central,Mouse,Electronics,4,197.94,791.76
ORD0220,2023-03-24,East,Monitor,Electronics,3,335.03,1005.09
ORD0221,2023-01-23,East,Headphones,Electronics,3,158.07,474.21
ORD0222,2023-05-21,North,Mouse,Electronics,3,84.14,252.42
ORD0223,2024-02-22,Central,Webcam,Electronics,2,108.0,216.0
ORD0224,2024-01-11,West,Keyboard,Electronics,4,107.62,430.48
ORD0225,2023-01-19,Central,Webcam,Electronics,2,118.36,236.72
ORD0226,2024-08-17,South,Headphones,Electronics,2,112.47,224.94
ORD0227,2023-05-12,West,Mouse,Electronics,1,338.39,338.39
ORD0228,2024-11-22,East,Headphones,Electronics,2,131.85,263.7
ORD0229,2024-01-07,West,Keyboard,Electronics,1,205.55,205.55
ORD0230,2023-04-08,East,Laptop,Electronics,1,453.55,453.55
ORD0231,2023-03-09,East,Laptop,Electronics,2,263.28,526.56
ORD0232,2023-07-22,West,Headphones,Electronics,4,350.4,1401.6
ORD0233,2024-03-11,East,Monitor,Electronics,4,127.54,510.16
ORD0234,2024-05-10,East,Mouse,Electronics,4,136.53,546.12
ORD0235,2023-08-29,South,Mouse,Electronics,4,68.39,273.56
ORD0236,2023-01-13,Central,Laptop,Electronics,4,126.02,504.08
ORD0237,2024-11-14,Central,Webcam,Electronics,2,175.37,350.74
ORD0238,2024-12-09,South,Keyboard,Electronics,2,129.65,259.3
ORD0239,2023-06-18,West,Webcam,Electronics,3,89.92,269.76
ORD0240,2024-04-25,North,Webcam,Electronics,4,104.29,417.16
ORD0241,2024-04-15,North,Headphones,Electronics,2,257.35,514.7
ORD0242,2023-03-04,North,Laptop,Electronics,3,142.85,428.55
ORD0243,2023-10-23,South,Laptop,Electronics,4,213.92,855.68
ORD0244,2024-08-29,South,Laptop,Electronics,1,276.54,276.54
ORD0245,2023-11-29,East,Headphones,Electronics,3,360.68,1082.04
ORD0246,2024-05-05,North,Monitor,Electronics,2,67.69,135.38
ORD0247,2024-01-28,West,Webcam,Electronics,1,409.73,409.73
ORD0248,2023-07-09,West,Headphones,Electronics,1,332.56,332.56
ORD0249,2024-05-02,North,Mouse,Electronics,1,86.79,86.79
ORD0250,2024-01-20,North,Keyboard,Electronics,3,443.11,1329.33
ORD0251,2023-03-10,North,Monitor,Electronics,2,464.39,928.78
ORD0252,2023-02-17,South,Mouse,Electronics,1,77.49,77.49
ORD0253,2023-02-22,South,Webcam,Electronics,4,174.59,698.36
ORD0254,2023-05-22,South,Laptop,Electronics,1,412.79,412.79
ORD0255,2024-03-27,Central,Webcam,Electronics,1,386.72,386.72
ORD0256,2024-10-08,West,Headphones,Electronics,3,133.03,399.09
ORD0257,2024-03-06,West,Keyboard,Electronics,3,144.21,432.63
ORD0258,2023-10-26,East,Headphones,Electronics,2,216.71,433.42
ORD0259,2023-03-17,South,Monitor,Electronics,4,268.04,1072.16
ORD0260,2023-08-20,Central,Monitor,Electronics,3,328.21,984.63
ORD0261,2023-05-16,Central,Keyboard,Electronics,1,216.01,216.01
ORD0262,2023-01-26,West,Mouse,Electronics,2,258.14,516.28
ORD0263,2023-12-08,South,Mouse,Electronics,1,386.36,386.36
ORD0264,2024-11-08,East,Monitor,Electronics,1,66.51,66.51
ORD0265,2024-12-29,South,Monitor,Electronics,3,163.6,490.8
ORD0266,2023-12-24,North,Laptop,Electronics,2,371.01,742.02
ORD0267,2023-07-12,South,Mouse,Electronics,4,452.84,1811.36
ORD0268,2024-03-24,North,Keyboard,Electronics,4,280.25,1121.0
ORD0269,2024-05-26,North,Mouse,Electronics,3,289.45,868.35
ORD0270,2023-01-05,East,Laptop,Electronics,3,98.23,294.69
ORD0271,2024-07-30,West,Headphones,Electronics,2,251.34,502.68
ORD0272,2023-11-18,South,Monitor,Electronics,4,289.68,1158.72
ORD0273,2023-05-09,North,Monitor,Electronics,4,159.11,636.44
ORD0274,2024-03-16,South,Laptop,Electronics,4,171.16,684.64
ORD0275,2023-08-22,West,Keyboard,Electronics,1,219.78,219.78
ORD0276,2024-04-21,West,Monitor,Electronics,4,59.03,236.12
ORD0277,2023-05-31,Central,Webcam,Electronics,1,194.94,194.94
ORD0278,2024-04-06,West,Monitor,Electronics,2,145.15,290.3
ORD0279,2023-07-03,East,Webcam,Electronics,1,197.37,197.37
ORD0280,2024-04-13,North,Laptop,Electronics,2,103.89,207.78
ORD0281,2024-08-01,Central,Laptop,Electronics,4,450.74,1802.96
ORD0282,2023-07-04,East,Monitor,Electronics,4,317.12,1268.48
ORD0283,2023-08-05,South,Mouse,Electronics,2,355.6,711.2
ORD0284,2023-05-06,North,Webcam,Electronics,3,405.13,1215.39
ORD0285,2023-11-07,West,Keyboard,Electronics,2,274.3,548.6
ORD0286,2024-10-26,North,Monitor,Electronics,3,89.11,267.33
ORD0287,2024-05-19,South,Keyboard,Electronics,1,291.7,291.7
ORD0288,2023-06-30,Central,Monitor,Electronics,1,314.08,314.08
ORD0289,2024-11-01,Central,Mouse,Electronics,1,385.45,385.45
ORD0290,2024-10-03,Central,Mouse,Electronics,4,244.25,977.0
ORD0291,2024-11-30,West,Mouse,Electronics,1,107.41,107.41
ORD0292,2023-06-28,East,Headphones,Electronics,3,177.7,533.1
ORD0293,2024-05-23,East,Mouse,Electronics,1,213.39,213.39
ORD0294,2024-03-22,North,Laptop,Electronics,2,340.66,681.32
ORD0295,2023-09-02,West,Laptop,Electronics,2,306.85,613.7
ORD0296,2023-07-17,Central,Headphones,Electronics,4,210.24,840.96
ORD0297,2024-05-07,Central,Webcam,Electronics,2,493.93,987.86
ORD0298,2024-07-16,South,Keyboard,Electronics,3,322.6,967.8
ORD0299,2024-06-11,South,Monitor,Electronics,1,156.75,156.75
ORD0300,2024-08-06,Central,Monitor,Electronics,4,95.8,383.2
ORD0301,2024-10-04,Central,Headphones,Electronics,1,118.79,118.79
ORD0302,2024-03-25,West,Laptop,Electronics,1,160.68,160.68
ORD0303,2024-05-11,East,Monitor,Electronics,3,122.31,366.93
ORD0304,2024-10-16,South,Laptop,Electronics,2,133.96,267.92
ORD0305,2024-03-31,East,Webcam,Electronics,2,178.29,356.58
ORD0306,2023-04-18,West,Keyboard,Electronics,1,128.02,128.02
ORD0307,2024-02-08,Central,Webcam,Electronics,4,453.54,1814.16
ORD0308,2023-06-05,East,Headphones,Electronics,2,86.11,172.22
ORD0309,2023-02-13,Central,Mouse,Electronics,4,286.03,1144.12
ORD0310,2024-08-23,Central,Mouse,Electronics,2,234.68,469.36
ORD0311,2024-02-04,North,Mouse,Electronics,4,492.07,1968.28
ORD0312,2023-06-14,East,Webcam,Electronics,3,100.42,301.26
ORD0313,2024-04-09,East,Monitor,Electronics,4,229.04,916.16
ORD0314,2023-06-24,Central,Keyboard,Electronics,3,486.26,1458.78
ORD0315,2023-04-17,West,Mouse,Electronics,3,439.48,1318.44
ORD0316,2023-05-01,North,Headphones,Electronics,4,417.68,1670.72
ORD0317,2023-10-11,Central,Headphones,Electronics,3,166.06,498.18
ORD0318,2024-06-14,South,Mouse,Electronics,1,126.9,126.9
ORD0319,2023-11-09,South,Mouse,Electronics,3,350.89,1052.67
ORD0320,2023-01-01,North,Keyboard,Electronics,2,468.22,936.44
ORD0321,2023-06-20,West,Mouse,Electronics,4,300.54,1202.16
ORD0322,2024-04-08,Central,Keyboard,Electronics,1,307.23,307.23
ORD0323,2023-10-03,East,Headphones,Electronics,4,175.99,703.96
ORD0324,2024-11-29,North,Mouse,Electronics,2,396.27,792.54
ORD0325,2024-07-15,West,Webcam,Electronics,2,134.17,268.34
ORD0326,2023-09-23,East,Webcam,Electronics,2,195.66,391.32
ORD0327,2024-02-09,South,Headphones,Electronics,3,241.45,724.35
ORD0328,2023-03-21,South,Keyboard,Electronics,3,278.42,835.26
ORD0329,2024-08-20,East,Webcam,Electronics,4,159.08,636.32
ORD0330,2023-04-28,North,Keyboard,Electronics,4,101.68,406.72
ORD0331,2024-11-28,South,Webcam,Electronics,1,324.78,324.78
ORD0332,2023-01-10,Central,Webcam,Electronics,1,179.88,179.88
ORD0333,2023-10-14,East,Keyboard,Electronics,4,311.56,1246.24
ORD0334,2024-07-20,East,Monitor,Electronics,3,119.46,358.38
ORD0335,2024-03-09,South,Webcam,Electronics,2,266.51,533.02
ORD0336,2023-06-13,North,Mouse,Electronics,4,289.67,1158.68
ORD0337,2024-11-21,Central,Headphones,Electronics,1,73.32,73.32
ORD0338,2023-08-17,North,Monitor,Electronics,3,201.47,604.41
ORD0339,2024-07-12,West,Keyboard,Electronics,4,110.49,441.96
ORD0340,2024-01-15,West,Monitor,Electronics,4,78.52,314.08
ORD0341,2023-01-28,South,Laptop,Electronics,3,495.48,1486.44
ORD0342,2024-12-14,South,Laptop,Electronics,4,195.06,780.24
ORD0343,2024-09-15,South,Webcam,Electronics,3,414.44,1243.32
ORD0344,2023-12-13,West,Webcam,Electronics,2,164.59,329.18
ORD0345,2024-07-28,North,Mouse,Electronics,3,356.68,1070.04
ORD0346,2024-07-18,North,Headphones,Electronics,3,392.1,1176.3
ORD0347,2023-08-19,South,Monitor,Electronics,3,318.04,954.12
ORD0348,2024-12-06,Central,Laptop,Electronics,4,262.21,1048.84
ORD0349,2024-04-01,North,Webcam,Electronics,4,235.33,941.32
ORD0350,2024-11-10,West,Headphones,Electronics,3,206.99,620.97
ORD0351,2024-04-02,East,Monitor,Electronics,4,468.29,1873.16
ORD0352,2024-09-14,East,Webcam,Electronics,1,423.78,423.78
ORD0353,2023-11-21,East,Webcam,Electronics,1,484.26,484.26
ORD0354,2024-06-15,Central,Laptop,Electronics,4,105.93,423.72
ORD0355,2024-05-17,South,Laptop,Electronics,4,378.89,1515.56
ORD0356,2023-11-30,West,Webcam,Electronics,3,472.25,1416.75
ORD0357,2024-07-22,Central,Keyboard,Electronics,2,131.55,263.1
ORD0358,2023-10-25,West,Webcam,Electronics,4,79.92,319.68
ORD0359,2024-03-13,West,Headphones,Electronics,1,383.5,383.5
ORD0360,2023-08-28,South,Webcam,Electronics,3,308.51,925.53
ORD0361,2023-04-10,East,Mouse,Electronics,4,428.82,1715.28
ORD0362,2023-01-08,South,Mouse,Electronics,1,112.9,112.9
ORD0363,2023-10-09,Central,Mouse,Electronics,1,407.87,407.87
ORD0364,2023-12-21,Central,Keyboard,Electronics,2,140.73,281.46
ORD0365,2024-05-16,Central,Keyboard,Electronics,3,123.65,370.95
ORD0366,2024-10-31,South,Webcam,Electronics,3,123.92,371.76
ORD0367,2024-10-29,West,Mouse,Electronics,2,416.56,833.12
ORD0368,2023-01-18,West,Keyboard,Electronics,2,349.34,698.68
ORD0369,2023-08-25,North,Laptop,Electronics,3,285.38,856.14
ORD0370,2024-02-13,Central,Webcam,Electronics,3,211.47,634.41
ORD0371,2023-09-25,West,Headphones,Electronics,4,444.74,1778.96
ORD0372,2023-05-05,North,Monitor,Electronics,4,226.6,906.4
ORD0373,2023-09-03,West,Webcam,Electronics,2,417.47,834.94
ORD0374,2023-07-05,Central,Monitor,Electronics,4,247.61,990.44
ORD0375,2024-01-06,East,Mouse,Electronics,1,219.62,219.62
ORD0376,2024-02-11,Central,Monitor,Electronics,4,258.21,1032.84
ORD0377,2024-12-01,South,Mouse,Electronics,4,185.62,742.48
ORD0378,2024-04-16,West,Laptop,Electronics,1,386.42,386.42
ORD0379,2024-09-06,West,Monitor,Electronics,2,276.22,552.44
ORD0380,2023-03-07,South,Webcam,Electronics,1,154.5,154.5
ORD0381,2023-08-16,South,Mouse,Electronics,4,454.81,1819.24
ORD0382,2023-12-20,East,Webcam,Electronics,2,222.75,445.5
ORD0383,2024-10-07,West,Keyboard,Electronics,4,294.6,1178.4
ORD0384,2023-09-07,West,Mouse,Electronics,1,457.91,457.91
ORD0385,2023-04-15,East,Monitor,Electronics,1,330.91,330.91
ORD0386,2023-04-06,North,Mouse,Electronics,4,102.6,410.4
ORD0387,2023-06-26,East,Webcam,Electronics,3,472.92,1418.76
ORD0388,2023-02-19,Central,Laptop,Electronics,3,332.47,997.41
ORD0389,2023-06-01,West,Mouse,Electronics,1,200.71,200.71
ORD0390,2024-12-20,South,Monitor,Electronics,1,112.67,112.67
ORD0391,2024-08-10,Central,Keyboard,Electronics,3,407.31,1221.93
ORD0392,2023-12-30,West,Headphones,Electronics,3,329.03,987.09
ORD0393,2023-08-08,East,Laptop,Electronics,4,290.06,1160.24
ORD0394,2023-01-04,Central,Keyboard,Electronics,4,452.25,1809.0
ORD0395,2023-10-20,West,Mouse,Electronics,3,404.87,1214.61
ORD0396,2023-01-24,North,Webcam,Electronics,4,118.25,473.0
ORD0397,2023-06-08,North,Webcam,Electronics,4,190.27,761.08
ORD0398,2023-08-01,South,Monitor,Electronics,2,161.82,323.64
ORD0399,2023-12-16,West,Webcam,Electronics,4,384.78,1539.12
ORD0400,2024-04-24,North,Laptop,Electronics,1,65.09,65.09
ORD0401,2024-11-27,East,Webcam,Electronics,4,306.45,1225.8
ORD0402,2024-01-26,West,Monitor,Electronics,4,393.11,1572.44
ORD0403,2024-05-18,East,Headphones,Electronics,3,444.54,1333.62
ORD0404,2023-07-26,East,Mouse,Electronics,1,203.94,203.94
ORD0405,2023-04-03,North,Mouse,Electronics,4,419.57,1678.28
ORD0406,2023-02-04,West,Webcam,Electronics,4,99.78,399.12
ORD0407,2024-03-08,Central,Keyboard,Electronics,2,430.9,861.8
ORD0408,2024-05-22,North,Mouse,Electronics,4,107.37,429.48
ORD0409,2023-05-11,North,Headphones,Electronics,4,228.78,915.12
ORD0410,2023-02-28,West,Webcam,Electronics,2,408.78,817.56
ORD0411,2023-12-27,West,Monitor,Electronics,3,117.46,352.38
ORD0412,2023-11-08,East,Headphones,Electronics,4,153.16,612.64
ORD0413,2023-12-18,West,Webcam,Electronics,2,375.01,750.02
ORD0414,2024-09-04,East,Headphones,Electronics,1,374.02,374.02
ORD0415,2023-05-30,North,Mouse,Electronics,3,338.52,1015.56
ORD0416,2023-07-30,South,Monitor,Electronics,1,362.28,362.28
ORD0417,2024-02-06,Central,Webcam,Electronics,1,294.23,294.23
ORD0418,2024-10-01,North,Laptop,Electronics,2,163.31,326.62
ORD0419,2023-10-27,West,Monitor,Electronics,4,205.56,822.24
ORD0420,2023-11-03,Central,Laptop,Electronics,2,131.72,263.44
ORD0421,2023-10-15,South,Headphones,Electronics,2,458.8,917.6
ORD0422,2023-07-02,South,Keyboard,Electronics,2,312.53,625.06
ORD0423,2024-10-02,East,Monitor,Electronics,2,230.38,460.76
ORD0424,2023-04-29,Central,Headphones,Electronics,3,257.9,773.7
ORD0425,2023-08-09,East,Laptop,Electronics,4,476.28,1905.12
ORD0426,2024-06-02,North,Mouse,Electronics,1,119.01,119.01
ORD0427,2023-06-22,Central,Mouse,Electronics,1,313.8,313.8
ORD0428,2024-09-30,North,Keyboard,Electronics,4,277.65,1110.6
ORD0429,2023-08-26,East,Monitor,Electronics,1,325.15,325.15
ORD0430,2023-02-24,Central,Monitor,Electronics,4,58.15,232.6
ORD0431,2024-10-25,East,Monitor,Electronics,1,442.46,442.46
ORD0432,2024-04-30,Central,Headphones,Electronics,2,469.45,938.9
ORD0433,2023-08-31,East,Keyboard,Electronics,1,304.31,304.31
ORD0434,2024-06-05,South,Monitor,Electronics,4,363.49,1453.96
ORD0435,2023-01-25,East,Headphones,Electronics,4,465.12,1860.48
ORD0436,2024-08-03,South,Mouse,Electronics,4,368.26,1473.04
ORD0437,2024-03-14,East,Laptop,Electronics,4,118.64,474.56
ORD0438,2023-03-28,Central,Headphones,Electronics,4,309.33,1237.32
ORD0439,2023-01-12,Central,Mouse,Electronics,3,323.02,969.06
ORD0440,2023-01-14,Central,Mouse,Electronics,3,240.86,722.58
ORD0441,2023-12-28,West,Laptop,Electronics,1,381.4,381.4
ORD0442,2023-07-07,North,Mouse,Electronics,4,470.47,1881.88
ORD0443,2023-10-24,Central,Keyboard,Electronics,1,466.51,466.51
ORD0444,2023-05-07,South,Laptop,Electronics,4,252.88,1011.52
ORD0445,2024-12-12,Central,Mouse,Electronics,4,100.96,403.84
ORD0446,2024-06-23,West,Webcam,Electronics,3,493.18,1479.54
ORD0447,2024-02-14,South,Headphones,Electronics,3,427.5,1282.5
ORD0448,2024-12-19,West,Mouse,Electronics,2,106.1,212.2
ORD0449,2023-11-10,South,Keyboard,Electronics,3,464.38,1393.14
ORD0450,2024-11-13,East,Monitor,Electronics,2,441.45,882.9
ORD0451,2024-01-23,North,Mouse,Electronics,2,283.48,566.96
ORD0452,2024-07-08,North,Monitor,Electronics,2,316.07,632.14
ORD0453,2024-04-22,West,Webcam,Electronics,2,229.55,459.1
ORD0454,2024-11-09,North,Mouse,Electronics,2,74.64,149.28
ORD0455,2024-01-18,West,Laptop,Electronics,1,200.84,200.84
ORD0456,2024-11-15,West,Monitor,Electronics,3,411.28,1233.84
ORD0457,2023-04-21,West,Webcam,Electronics,2,52.08,104.16
ORD0458,2024-08-16,North,Laptop,Electronics,4,200.07,800.28
ORD0459,2024-07-19,West,Laptop,Electronics,3,229.18,687.54
ORD0460,2024-11-04,North,Laptop,Electronics,3,291.83,875.49
ORD0461,2023-12-14,West,Laptop,Electronics,2,463.94,927.88
ORD0462,2023-06-27,Central,Mouse,Electronics,1,205.86,205.86
ORD0463,2024-11-16,West,Headphones,Electronics,2,206.13,412.26
ORD0464,2023-09-21,South,Mouse,Electronics,1,381.88,381.88
ORD0465,2023-07-23,West,Mouse,Electronics,4,253.5,1014.0
ORD0466,2024-01-05,East,Webcam,Electronics,3,151.07,453.21
ORD0467,2023-02-10,West,Webcam,Electronics,4,253.6,1014.4
ORD0468,2024-12-28,South,Headphones,Electronics,1,113.39,113.39
ORD0469,2024-09-18,South,Webcam,Electronics,1,129.37,129.37
ORD0470,2024-12-07,North,Keyboard,Electronics,4,274.27,1097.08
ORD0471,2023-03-14,Central,Headphones,Electronics,1,238.52,238.52
ORD0472,2024-10-27,West,Webcam,Electronics,4,461.68,1846.72
ORD0473,2023-01-09,North,Headphones,Electronics,3,213.08,639.24
ORD0474,2024-01-25,Central,Mouse,Electronics,4,311.26,1245.04
ORD0475,2023-05-03,West,Mouse,Electronics,3,334.52,1003.56
ORD0476,2024-03-26,East,Headphones,Electronics,4,55.89,223.56
ORD0477,2023-11-13,West,Keyboard,Electronics,1,348.59,348.59
ORD0478,2024-09-07,South,Keyboard,Electronics,4,130.12,520.48
ORD0479,2024-09-19,South,Headphones,Electronics,1,482.48,482.48
ORD0480,2023-11-01,East,Webcam,Electronics,4,116.9,467.6
ORD0481,2024-03-03,North,Monitor,Electronics,4,236.58,946.32
ORD0482,2024-01-10,Central,Keyboard,Electronics,2,88.41,176.82
ORD0483,2023-04-16,West,Laptop,Electronics,1,498.59,498.59
ORD0484,2024-09-11,South,Mouse,Electronics,2,275.99,551.98
ORD0485,2023-05-23,North,Headphones,Electronics,1,317.92,317.92
ORD0486,2023-05-02,East,Laptop,Electronics,2,80.18,160.36
ORD0487,2023-06-23,South,Headphones,Electronics,3,387.48,1162.44
ORD0488,2023-03-31,East,Mouse,Electronics,4,144.46,577.84
ORD0489,2023-12-25,West,Mouse,Electronics,1,454.12,454.12
ORD0490,2024-07-11,Central,Keyboard,Electronics,1,142.31,142.31
ORD0491,2023-07-13,South,Keyboard,Electronics,4,135.81,543.24
ORD0492,2023-04-13,South,Laptop,Electronics,1,66.45,66.45
ORD0493,2024-02-10,West,Headphones,Electronics,1,262.43,262.43
ORD0494,2023-06-03,North,Mouse,Electronics,2,304.18,608.36
ORD0495,2023-04-26,Central,Laptop,Electronics,1,79.57,79.57
ORD0496,2023-03-18,South,Monitor,Electronics,3,398.99,1196.97
ORD0497,2024-02-21,Central,Laptop,Electronics,3,253.98,761.94
ORD0498,2024-09-13,South,Webcam,Electronics,4,285.98,1143.92
ORD0499,2024-04-05,Central,Laptop,Electronics,1,248.34,248.34
ORD0500,2024-09-10,East,Webcam,Electronics,4,230.34,921.36
ORD0501,2024-10-28,South,Webcam,Electronics,3,301.84,905.52
ORD0502,2023-08-13,Central,Webcam,Electronics,1,119.86,119.86
ORD0503,2023-01-02,North,Monitor,Electronics,1,131.87,131.87
ORD0504,2024-10-21,East,Laptop,Electronics,4,437.8,1751.2
ORD0505,2024-08-31,East,Laptop,Electronics,3,475.75,1427.25
ORD0506,2024-02-20,North,Monitor,Electronics,1,217.99,217.99
ORD0507,2024-02-28,Central,Mouse,Electronics,4,171.84,687.36
ORD0508,2023-07-21,West,Keyboard,Electronics,3,339.8,1019.4
ORD0509,2023-06-10,North,Laptop,Electronics,4,233.93,935.72
ORD0510,2023-05-28,Central,Keyboard,Electronics,2,61.42,122.84
ORD0511,2024-10-22,North,Headphones,Electronics,1,120.27,120.27
ORD0512,2023-03-27,North,Headphones,Electronics,2,372.19,744.38
ORD0513,2023-11-06,South,Monitor,Electronics,3,346.52,1039.56
ORD0514,2024-11-24,Central,Headphones,Electronics,2,62.19,124.38
ORD0515,2024-09-23,West,Headphones,Electronics,2,149.89,299.78
ORD0516,2024-08-26,South,Mouse,Electronics,3,153.98,461.94
ORD0517,2023-03-29,North,Mouse,Electronics,4,352.35,1409.4
ORD0518,2023-08-02,North,Mouse,Electronics,2,58.87,117.74
ORD0519,2024-01-27,North,Headphones,Electronics,4,96.85,387.4
ORD0520,2024-02-29,Central,Monitor,Electronics,2,409.96,819.92
ORD0521,2023-04-12,Central,Webcam,Electronics,4,130.35,521.4
ORD0522,2024-11-06,South,Webcam,Electronics,3,343.74,1031.22
ORD0523,2023-01-11,West,Keyboard,Electronics,2,157.18,314.36
ORD0524,2023-06-15,South,Webcam,Electronics,3,94.75,284.25
ORD0525,2024-05-09,East,Webcam,Electronics,2,159.43,318.86
ORD0526,2024-01-01,North,Mouse,Electronics,3,375.02,1125.06
ORD0527,2023-12-04,North,Mouse,Electronics,3,435.06,1305.18
ORD0528,2023-11-16,North,Headphones,Electronics,2,423.6,847.2
ORD0529,2023-10-01,South,Keyboard,Electronics,2,228.73,457.46
ORD0530,2023-03-13,South,Laptop,Electronics,2,350.64,701.28
ORD0531,2023-03-05,North,Keyboard,Electronics,1,142.24,142.24
ORD0532,2024-12-16,South,Keyboard,Electronics,4,181.92,727.68
ORD0533,2023-12-10,Central,Monitor,Electronics,1,453.35,453.35
ORD0534,2024-01-21,Central,Headphones,Electronics,1,55.85,55.85
ORD0535,2023-04-27,South,Monitor,Electronics,3,88.48,265.44
ORD0536,2024-05-15,North,Keyboard,Electronics,2,143.55,287.1
ORD0537,2024-11-25,South,Keyboard,Electronics,4,61.94,247.76
ORD0538,2023-08-24,South,Keyboard,Electronics,3,131.65,394.95
ORD0539,2023-09-30,South,Webcam,Electronics,1,312.37,312.37
ORD0540,2024-09-12,East,Monitor,Electronics,2,239.64,479.28
ORD0541,2023-07-25,Central,Keyboard,Electronics,3,451.7,1355.1
ORD0542,2023-06-02,West,Mouse,Electronics,2,417.85,835.7
ORD0543,2024-07-14,West,Headphones,Electronics,3,203.82,611.46
ORD0544,2024-01-13,East,Headphones,Electronics,2,166.74,333.48
ORD0545,2024-06-19,South,Mouse,Electronics,1,220.86,220.86
ORD0546,2024-11-03,East,Headphones,Electronics,4,315.63,1262.52
ORD0547,2024-07-17,East,Webcam,Electronics,1,170.63,170.63
ORD0548,2023-07-18,North,Webcam,Electronics,4,330.87,1323.48
ORD0549,2023-01-27,Central,Laptop,Electronics,2,234.24,468.48
ORD0550,2024-06-03,West,Laptop,Electronics,3,298.42,895.26
ORD0551,2023-11-05,South,Laptop,Electronics,1,246.26,246.26
ORD0552,2024-08-07,West,Headphones,Electronics,4,182.51,730.04
ORD0553,2023-03-01,West,Webcam,Electronics,1,476.8,476.8
ORD0554,2024-10-19,Central,Webcam,Electronics,4,393.62,1574.48
ORD0555,2023-07-27,West,Webcam,Electronics,1,113.05,113.05
ORD0556,2024-05-06,West,Mouse,Electronics,4,440.81,1763.24
ORD0557,2024-07-31,East,Webcam,Electronics,4,269.34,1077.36
ORD0558,2024-08-27,Central,Mouse,Electronics,2,452.55,905.1
ORD0559,2023-06-12,North,Laptop,Electronics,4,409.93,1639.72
ORD0560,2023-06-11,South,Laptop,Electronics,2,241.35,482.7
ORD0561,2024-06-10,West,Headphones,Electronics,4,60.11,240.44
ORD0562,2023-09-14,South,Laptop,Electronics,3,170.9,512.7
ORD0563,2024-05-21,North,Headphones,Electronics,3,293.74,881.22
ORD0564,2024-01-22,South,Keyboard,Electronics,3,335.07,1005.21
ORD0565,2024-03-28,North,Keyboard,Electronics,4,166.05,664.2
ORD0566,2024-07-27,East,Monitor,Electronics,2,112.71,225.42
ORD0567,2023-10-30,West,Headphones,Electronics,2,425.72,851.44
ORD0568,2023-01-21,North,Monitor,Electronics,4,492.98,1971.92
ORD0569,2024-03-15,South,Monitor,Electronics,3,286.56,859.68
ORD0570,2024-01-17,West,Keyboard,Electronics,3,127.26,381.78
ORD0571,2024-06-22,East,Headphones,Electronics,2,172.54,345.08
ORD0572,2024-09-28,West,Keyboard,Electronics,3,58.28,174.84
ORD0573,2024-08-25,North,Monitor,Electronics,1,461.43,461.43
ORD0574,2023-03-25,East,Headphones,Electronics,2,102.99,205.98
ORD0575,2023-05-10,South,Monitor,Electronics,3,309.43,928.29
ORD0576,2023-03-16,East,Webcam,Electronics,2,173.32,346.64
ORD0577,2023-06-06,East,Headphones,Electronics,1,299.38,299.38
ORD0578,2023-09-28,Central,Headphones,Electronics,2,343.14,686.28
ORD0579,2023-02-08,East,Monitor,Electronics,2,423.38,846.76
ORD0580,2024-05-03,East,Webcam,Electronics,2,142.89,285.78
ORD0581,2024-02-01,West,Mouse,Electronics,2,54.95,109.9
ORD0582,2024-12-21,South,Keyboard,Electronics,1,111.6,111.6
ORD0583,2024-05-30,West,Monitor,Electronics,4,455.01,1820.04
ORD0584,2024-08-19,West,Headphones,Electronics,2,443.25,886.5
ORD0585,2024-03-05,North,Keyboard,Electronics,2,318.84,637.68
ORD0586,2024-04-26,West,Keyboard,Electronics,3,320.23,960.69
ORD0587,2024-06-21,Central,Keyboard,Electronics,2,349.27,698.54
ORD0588,2024-07-23,Central,Mouse,Electronics,3,128.92,386.76
ORD0589,2024-04-03,North,Laptop,Electronics,4,461.49,1845.96
ORD0590,2023-03-20,South,Monitor,Electronics,1,238.45,238.45
ORD0591,2023-02-02,South,Laptop,Electronics,1,222.41,222.41
ORD0592,2023-01-29,West,Laptop,Electronics,4,283.51,1134.04
ORD0593,2024-10-11,West,Laptop,Electronics,1,71.13,71.13
ORD0594,2024-04-04,West,Keyboard,Electronics,4,124.83,499.32
ORD0595,2024-01-16,South,Webcam,Electronics,4,382.12,1528.48
ORD0596,2023-08-15,East,Keyboard,Electronics,4,87.26,349.04
ORD0597,2023-10-12,Central,Keyboard,Electronics,1,321.42,321.42
ORD0598,2023-09-27,East,Headphones,Electronics,3,160.41,481.23
ORD0599,2023-11-02,East,Headphones,Electronics,4,225.18,900.72
ORD0600,2023-07-29,South,Laptop,Electronics,2,179.91,359.82
ORD0601,2024-12-10,East,Keyboard,Electronics,1,210.05,210.05
ORD0602,2024-04-18,North,Laptop,Electronics,4,373.57,1494.28
ORD0603,2023-01-22,West,Headphones,Electronics,4,183.7,734.8
ORD0604,2024-02-05,North,Webcam,Electronics,2,304.88,609.76
ORD0605,2024-09-27,Central,Monitor,Electronics,3,264.22,792.66
ORD0606,2024-09-20,West,Laptop,Electronics,3,348.65,1045.95
ORD0607,2023-07-11,East,Webcam,Electronics,3,471.57,1414.71
ORD0608,2023-11-20,Central,Monitor,Electronics,4,379.66,1518.64
ORD0609,2023-08-30,West,Mouse,Electronics,4,146.72,586.88
ORD0610,2024-04-28,East,Laptop,Electronics,4,64.03,256.12
ORD0611,2023-07-15,North,Laptop,Electronics,1,168.02,168.02
ORD0612,2023-10-05,West,Mouse,Electronics,2,317.79,635.58
ORD0613,2024-11-11,East,Mouse,Electronics,4,73.14,292.56
ORD0614,2023-08-10,North,Laptop,Electronics,2,273.36,546.72
ORD0615,2023-12-01,Central,Mouse,Electronics,2,318.58,637.16
ORD0616,2024-07-25,Central,Keyboard,Electronics,3,200.41,601.23
ORD0617,2024-02-16,Central,Monitor,Electronics,1,396.91,396.91
ORD0618,2024-09-25,Central,Monitor,Electronics,4,97.97,391.88
ORD0619,2024-09-21,South,Monitor,Electronics,3,83.81,251.43
ORD0620,2024-08-08,West,Keyboard,Electronics,3,377.68,1133.04
ORD0621,2024-03-30,West,Mouse,Electronics,4,272.97,1091.88
ORD0622,2024-02-18,South,Webcam,Electronics,2,359.78,719.56
ORD0623,2024-04-11,East,Mouse,Electronics,3,245.67,737.01
ORD0624,2023-11-22,East,Laptop,Electronics,2,160.88,321.76
ORD0625,2023-12-31,Central,Headphones,Electronics,1,418.6,418.6
ORD0626,2024-03-23,North,Monitor,Electronics,2,409.74,819.48
ORD0627,2023-08-11,East,Mouse,Electronics,1,362.61,362.61
ORD0628,2023-12-26,North,Webcam,Electronics,2,172.47,344.94
ORD0629,2023-01-17,West,Laptop,Electronics,3,315.6,946.8
ORD0630,2023-08-21,North,Keyboard,Electronics,3,212.44,637.32
ORD0631,2023-04-23,West,Keyboard,Electronics,1,91.21,91.21
ORD0632,2023-02-15,South,Webcam,Electronics,4,462.79,1851.16
ORD0633,2024-06-08,South,Laptop,Electronics,1,111.57,111.57
ORD0634,2024-11-05,Central,Monitor,Electronics,1,477.61,477.61
ORD0635,2023-10-22,East,Mouse,Electronics,2,250.7,501.4
ORD0636,2024-06-07,Central,Laptop,Electronics,2,133.31,266.62
ORD0637,2024-08-11,West,Keyboard,Electronics,1,293.86,293.86
ORD0638,2023-09-15,Central,Webcam,Electronics,3,442.83,1328.49
ORD0639,2024-10-14,North,Webcam,Electronics,2,379.5,759.0
ORD0640,2023-03-23,West,Mouse,Electronics,4,412.95,1651.8
ORD0641,2024-07-04,South,Webcam,Electronics,2,346.45,692.9
ORD0642,2024-03-12,East,Webcam,Electronics,2,361.52,723.04
ORD0643,2024-10-18,West,Laptop,Electronics,4,432.14,1728.56
ORD0644,2024-01-29,West,Monitor,Electronics,1,162.35,162.35
ORD0645,2024-03-01,North,Mouse,Electronics,4,270.24,1080.96
ORD0646,2024-06-18,East,Laptop,Electronics,1,149.54,149.54
ORD0647,2023-01-31,South,Monitor,Electronics,1,494.45,494.45
ORD0648,2024-10-17,West,Laptop,Electronics,1,474.83,474.83
ORD0649,2023-05-13,West,Headphones,Electronics,4,67.74,270.96
ORD0650,2023-01-07,North,Laptop,Electronics,1,367.51,367.51
ORD0651,2024-02-26,Central,Webcam,Electronics,3,466.36,1399.08
ORD0652,2023-07-10,South,Monitor,Electronics,4,131.26,525.04
ORD0653,2023-12-22,East,Mouse,Electronics,3,305.58,916.74
ORD0654,2024-11-26,West,Mouse,Electronics,1,461.97,461.97
ORD0655,2023-12-11,West,Monitor,Electronics,2,65.28,130.56
ORD0656,2024-07-10,South,Webcam,Electronics,1,363.84,363.84
ORD0657,2023-12-29,Central,Keyboard,Electronics,3,183.81,551.43
ORD0658,2024-10-20,West,Laptop,Electronics,3,465.98,1397.94
ORD0659,2024-07-24,South,Webcam,Electronics,4,486.98,1947.92
ORD0660,2023-12-19,North,Headphones,Electronics,2,474.92,949.84
ORD0661,2023-04-02,Central,Monitor,Electronics,4,263.4,1053.6
ORD0662,2023-06-17,East,Laptop,Electronics,3,437.92,1313.76
ORD0663,2023-12-02,West,Mouse,Electronics,1,430.05,430.05
ORD0664,2023-05-27,South,Keyboard,Electronics,2,193.6,387.2
ORD0665,2024-12-13,North,Headphones,Electronics,1,423.01,423.01
ORD0666,2023-09-19,East,Mouse,Electronics,1,66.65,66.65
ORD0667,2023-10-16,South,Monitor,Electronics,2,318.32,636.64
ORD0668,2024-10-30,South,Laptop,Electronics,4,153.5,614.0
ORD0669,2024-11-07,East,Monitor,Electronics,1,104.26,104.26
ORD0670,2024-07-21,North,Laptop,Electronics,3,84.63,253.89
ORD0671,2024-12-02,North,Webcam,Electronics,1,363.33,363.33
ORD0672,2023-04-25,Central,Keyboard,Electronics,2,202.94,405.88
ORD0673,2023-12-15,West,Webcam,Electronics,2,376.15,752.3
ORD0674,2023-11-14,East,Webcam,Electronics,2,79.41,158.82
ORD0675,2023-08-12,East,Monitor,Electronics,4,191.88,767.52
ORD0676,2023-10-28,East,Keyboard,Electronics,1,292.77,292.77
ORD0677,2024-11-23,North,Laptop,Electronics,4,405.83,1623.32
ORD0678,2023-04-24,West,Laptop,Electronics,4,193.44,773.76
ORD0679,2024-08-15,Central,Headphones,Electronics,2,331.65,663.3
ORD0680,2023-11-12,South,Mouse,Electronics,2,448.69,897.38
ORD0681,2023-02-06,South,Headphones,Electronics,4,327.14,1308.56
ORD0682,2024-03-29,East,Headphones,Electronics,1,154.83,154.83
ORD0683,2024-08-24,West,Laptop,Electronics,3,60.98,182.94
ORD0684,2023-06-25,North,Monitor,Electronics,4,441.54,1766.16
ORD0685,2023-09-08,West,Webcam,Electronics,1,59.57,59.57
ORD0686,2023-11-24,West,Webcam,Electronics,2,443.62,887.24
ORD0687,2023-02-07,North,Webcam,Electronics,2,288.02,576.04
ORD0688,2023-05-04,East,Keyboard,Electronics,1,472.58,472.58
ORD0689,2024-12-30,West,Laptop,Electronics,3,409.45,1228.35
ORD0690,2024-01-30,South,Monitor,Electronics,2,499.07,998.14
ORD0691,2023-09-18,North,Keyboard,Electronics,2,207.82,415.64
ORD0692,2024-06-20,Central,Mouse,Electronics,2,395.23,790.46
ORD0693,2023-02-09,East,Monitor,Electronics,1,230.87,230.87
ORD0694,2024-04-07,North,Headphones,Electronics,4,265.94,1063.76
ORD0695,2024-12-22,Central,Monitor,Electronics,2,332.38,664.76
ORD0696,2023-06-19,Central,Monitor,Electronics,4,443.15,1772.6
ORD0697,2023-11-28,West,Webcam,Electronics,3,492.84,1478.52
ORD0698,2023-07-14,West,Monitor,Electronics,2,395.72,791.44
ORD0699,2024-10-10,West,Headphones,Electronics,2,238.0,476.0
ORD0700,2024-06-24,North,Headphones,Electronics,3,239.61,718.83
ORD0701,2024-09-26,North,Laptop,Electronics,2,381.91,763.82
ORD0702,2023-11-19,East,Monitor,Electronics,4,157.45,629.8
ORD0703,2024-09-08,West,Webcam,Electronics,1,99.71,99.71
ORD0704,2023-09-24,Central,Monitor,Electronics,4,209.58,838.32
ORD0705,2024-09-01,South,Mouse,Electronics,1,179.26,179.26
ORD0706,2023-12-23,East,Mouse,Electronics,1,183.34,183.34
ORD0707,2024-08-02,North,Webcam,Electronics,4,155.12,620.48
ORD0708,2023-11-25,East,Laptop,Electronics,4,68.94,275.76
ORD0709,2023-03-30,East,Laptop,Electronics,4,58.04,232.16
ORD0710,2023-04-30,East,Headphones,Electronics,4,494.48,1977.92
ORD0711,2023-06-09,East,Headphones,Electronics,3,242.5,727.5
ORD0712,2023-01-03,South,Keyboard,Electronics,2,222.95,445.9
ORD0713,2023-08-04,West,Webcam,Electronics,1,355.84,355.84
ORD0714,2023-05-25,Central,Monitor,Electronics,4,148.21,592.84
ORD0715,2023-03-03,East,Webcam,Electronics,4,477.48,1909.92
ORD0716,2024-11-20,East,Keyboard,Electronics,4,403.86,1615.44
ORD0717,2024-02-23,East,Headphones,Electronics,3,90.23,270.69
ORD0718,2024-05-04,West,Webcam,Electronics,4,237.91,951.64
ORD0719,2024-07-26,North,Webcam,Electronics,4,445.6,1782.4
ORD0720,2023-01-20,North,Headphones,Electronics,4,475.13,1900.52
ORD0721,2023-04-09,South,Keyboard,Electronics,2,260.33,520.66
ORD0722,2024-06-04,North,Headphones,Electronics,3,326.04,978.12
ORD0723,2024-11-19,East,Laptop,Electronics,4,125.17,500.68
ORD0724,2023-02-16,East,Monitor,Electronics,1,496.03,496.03
ORD0725,2023-02-23,East,Headphones,Electronics,1,154.25,154.25
ORD0726,2024-05-31,South,Keyboard,Electronics,1,474.23,474.23
ORD0727,2023-09-16,East,Mouse,Electronics,3,342.34,1027.02
ORD0728,2024-05-20,North,Laptop,Electronics,3,323.48,970.44
ORD0729,2023-08-06,West,Mouse,Electronics,1,280.71,280.71
ORD0730,2023-08-14,West,Headphones,Electronics,4,153.8,615.2
